"","Name","Price","Ratings","TotalReview"
"1","Bubbles for Kids, Party Bag Fillers for Kids, 20 pcs Bubble Wands Mini 6 Colors Ramdom Dinosaurs Bubbles Kids Party Bag Fillers, for Kids Party Favours, Summer Toy Party, Bath Toys so","£8.73£8.73","4.4 out of 5 stars","184"
"2","FDC Inflatable Woman Inflatable Doll Stag Night","£9.16£9.16","4.6 out of 5 stars","56"
"3","Nano Tape Bubble Kit, Super Elastic Bubble Balloons Double Sided Tape Magic Plastic Bubble Nano Glue for Browing Clear Bubble Craft Kit for Kids, Girls, Boys Adult (A)","£5.99£5.99","4.5 out of 5 stars","61"
"4","Nerf Pro Gelfire X MrBeast Blaster, 1600 Gelfire Rounds, 300 Round Hopper, Rechargeable Battery, Eyewear","£13.99£13.99","4.4 out of 5 stars","18"
"5","38 PCS Nano Tape Bubbles Kit, Double Sided Nano Tape for Making Bubbles, DIY Nano Bubble Tape with Pump Sequins Glitter Powder Stickers, Nano Magic Tape Creative Water Ball Craft Kits for Kids Adults","£5.99£5.99","4.6 out of 5 stars","2,183"
"6","Smiffys Inflatable Retro Mobile Phone","£7.99£7.99","4.4 out of 5 stars","526"
"7","Smiffys 50885 Inflatable Lifeguard Hunk Swim Ring, Unisex Adult, Red & White, One Size","£5.00£5.00",NA,"24"
"8","Nerf Pro Gelfire Mythic Blaster, 1,600 Gelfire Rounds, Hopper, Rechargeable Battery, Eyewear","£34.99£34.99","4.4 out of 5 stars","22"
"9","Skylety 12 Pcs Diving Gems Swimming Pool Toys and 1 Treasure Chest Box, Colorful Acrylic Plastic Gems Gold Treasure Storage Box Underwater Gemstones Toy Set for Parties Birthday Decoration","£16.66£16.66","4.4 out of 5 stars","1"
"10","Gel Blaster JM-X2 Pro Splatter Cool Pistol with Drum and Sight, Manual and Automatic Burst Dual Mode with Linked Effects, with Goggles for Shooting Team Game, Water toy 7-8mm Red and Black Ages 12+","£14.35£14.35","4.5 out of 5 stars","17,497"
"11","Floating Recliner Inflatable Lounge, 71in X 53in","£1.89£1.89","4.7 out of 5 stars","310"
"12","Shyneer Giant Inflatable Flamingo Pool Float Large Outdoor Flamingo Swimming Pool Flotage Lounge Toy for Adults & Kids","£25.82£25.82","4.4 out of 5 stars","161"
"13","Bestway Fantasy Unicorn Pool Float | Inflatable Rubber Ring, Pool Floats for Kids and Adults","£15.79£15.79","4.3 out of 5 stars","44"
"14","VTech 3-In-1 Ride with Me Motorbike, Baby Walker for Toddlers, Interactive Toy for Sensory Play, Educational with Music, Ride On Toys for Role-Play, Suitable for 12 Months +, English Version","£6.59£6.59","4.6 out of 5 stars","5"
"15","Schwimmband Niedliche Tierringe 76 cm","£9.99£9.99","4.5 out of 5 stars","39"
"16","Gel Blaster Gellet Depot - Collapsible Ammo Tub - Fast Loading Nozzle & Built-in Strainer - Hydrates & Stores 10,000+ Gellets - Space Saving Design - Portable Handle - Official Gel Blaster Accessory","£12.11£12.11","4.6 out of 5 stars","20"
"17","Nerf Rival 50-Round Refill Pack","£33.32£33.32","4.7 out of 5 stars","225"
"18","Rechargeable Bubble Machine for Kids, Automatic Bubble Maker with 2 Speeds, Bubble Blower for BBQ, Camping, Parties Birthday,Wedding and Festival, 9000+/Min Bubbles","£11.61£11.61","4.3 out of 5 stars","55"
"19","SevenMye 120CM Large Bubble Ball Magic Bubble Balls Transparent Bounce Balloon Inflatable Water Ball Beach Garden Ball Soft Rubber Ball Outdoor Party","£13.32£13.32","4.5 out of 5 stars","1"
"20","SelfTek Swimming Pool Toys with Storage Bag, 3 Pcs Diving Swim Through Rings, 3 Pcs Seaweeds, 8 Pcs Gems, Underwater Diving Training Toys Diving Games for Kids Family","£21.69£21.69",NA,"1"
"21","Pyro Pixies Elemental Ribbon Poi and Cascade Juggling Bag - Beginner Practice Ribbon Tail Poi Set (Aqua)","£8.59£8.59",NA,"1,695"
"22","Intex 58802 – Tan Air Mattress 160 x 85 cm White Light Blue","£19.12£19.12",NA,"3,475"
"23","Moocow, Inflatable Zimmer Frame, Silver/Grey","£29.99£29.99",NA,"2"
"24","TOYANDONA Car Decor Retro Decor Old-fashioned Tricycle Miniature Tricycle Model Tricycle Adornment Desktop Ornament Vintage Tricycle Model Vintage Car Figurine Alloy Modeling Motorcycle","£13.38£13.38",NA,"55"
"25","XShot Chaos Dart Ball Blaster 100x Dart Balls Refill","£8.99£8.99",NA,"4"
"26","Jester Diabolo Set with Fibre Sticks, Diabolo String - Pro Medium Rubber Diablo Set With Cascade Carry Bag (Multicoloured)","£11.75£11.75",NA,"74"
"27","Indoor/Outdoor Children's Playhouse, 3 in 1 Foldable Tent with Crawl Tunnel Play House Ball Pit with Zipper Storage Bag(Space world)","£5.39£5.39",NA,"42"
"28","Mac Sports Mac Wagon (WTC-124) Green","£67.37£67.37","4.6 out of 5 stars","25"
"29","Big Mouth Toys BMPF-0001-EU Pool Float, Multi Colour","£13.49£13.49","4.6 out of 5 stars","505"
"30","Large Inflatable Palm Tree","£8.95£8.95","4.7 out of 5 stars","19"
"31","Coastal Castaway Swimming Basket 91 cm","£6.51£6.51","4.6 out of 5 stars","55"
"32","Bestway 44059 BW44059 Lounger, Inflated Pool Float and Swim Aid for Kids and Adults, Pop Art Design, Multi-Color","£6.85£6.85","4.5 out of 5 stars","5"
"33","27 three-dimensional football decorations, cake decoration football, World Cup football decorations, dessert table decoration plug-ins, suitable for football theme scenes, birthday parties","£13.69£13.69","4.4 out of 5 stars","1"
"34","Beach Toy Hourglass Sand Wheel Beach Toy Water Wheel Tower Toy Sand Wheel Toy Sand Water Wheel Toy Summer Beach Toys for Kids Sand Toys (Random Color)","£10.19£10.19","4.4 out of 5 stars","15"
"35","DIKACA 4pcs Watering Kettle Children Sprayer Can Bathroom Toys Beach Toys for Kids Small Water Can Kids Watering Can Kids Watering Pail Toddlers Bath Toy Flowers Plastic Sand Toys Baby","£16.62£16.62","4.7 out of 5 stars","3"
"36","Jester Diabolo Set with Wood Sticks - Pro Medium Rubber Diablo Set With Wooden Handsticks and Cascade Carry Bag (Red and White)","£26.98£26.98","4.4 out of 5 stars","136"
"37","Nerf Pro Gelfire Dual Wield Pack, 300 Hydrated Gelfire Rounds","£9.99£9.99",NA,"1"
"38","4pcs Inflatable False Snake, Large Inflatable Snakes for Pool, Realistic Inflatable Snake Python Blow Up Snakes for Pool Garden Birthday Party Halloween Decor (3 Styles)","£249.75£249.75",NA,"28"
"39","Inflatable Dumbbell, Black, 120cm/47in","£4.96£4.96",NA,"440"
"40","X-Shot ENT_539725 Chaos Meteor Dart Blaster (12 Rounds), Multicolor","£13.85£13.85","4.5 out of 5 stars","89"
"41","Kids Water Pistol Backpack, Water Gun Blaster, Water Spraying Toy Firefighter Backpack Water Gun Toys Children Outdoor Water Beach Toy for Kids Children Gifts","£4.99£4.99","4.3 out of 5 stars","6"
"42","Padgett Bros Inflatable Ice Lolly Pool Float, Red, L","£24.37£24.37","4.5 out of 5 stars","9"
"43","DBOO Boom Box Inflatable Blow Up Spwaker Fancy Dress Inflatables Microphone Inflatable Instruments Accessory Stereo Stag Papty Prop","£8.59£8.59","4.6 out of 5 stars","279"
"44","Intex Inflatable Pug Face Island Mattress Lilo 173cm x 130cm. Perfect for the pool.","£9.99£9.99","4.6 out of 5 stars","122"
"45","NUOBESTY Home Decor Home Decor 2Pcs Mini Cart Models Garden Cart Tools Simulation Farming Barrow Decorations Landscape Ornaments Miniature Wheelbarrow Accessories Kids Toys Kids Toys","£14.20£14.20","4.5 out of 5 stars","94"
"46","Bestway 52294 BW52294 Dinomite Dinosaur Sprinkler, Kids Inflatable Garden Water Toys, Colour","£23.95£23.95","4.3 out of 5 stars","35"
"47","Intex 58788EU 58152eu Inflatable air mats, bunt, Kinder","£8.19£8.19","4.4 out of 5 stars","861"
"48","Bestway Swimmable Toy TUKAN from 14 Years","£8.49£8.49","4.4 out of 5 stars","59"
"49","Carrera GO 20085245 20 Track Connection Clips Slot Car Accessory","£12.99£12.99","4.5 out of 5 stars","54"
"50","TOYANDONA Rubber Band Kids Jump Rope Chinese Elastic Band Game Elastics Jump Rope Outside Toys Elastic Jumping Rope Game Outdoor Kid Toys Party Game Toy Child Major Plastic Jumping Tape","£14.99£14.99","4.3 out of 5 stars","145"
"51","Schwimmreifen Alpaka 113 cm","£25.99£25.99","4.5 out of 5 stars","325"
"52","BROOKITE from Peterkin | Phantom Sport Stunt Kite | Multicolour Kite - 117cm x 66cm - Spinnaker Nylon with 2 handles | Kites | Outdoor Toys | Sport & Leisure | Ages 8+","£24.32£24.32","4.4 out of 5 stars","6"
"53","Intex Inflatable Giant Hamburger Mattress Lilo 145cm x 142cm. Perfect for the pool.","£8.39£8.39","4.4 out of 5 stars","24"
"54","Hysagtek Reusable Water Balloons for Kids Adults, Quick Refillable Self-Sealing Water Bomb Latex-Free Silicone Octopus Water Splash Ball with Mesh Bag, Summer Pool Beach Water Toys (6PCS）","£45.08£45.08","4.3 out of 5 stars","8"
"55","2PCS Shell Collecting Tools, Beach Mesh Shovel with Mesh Beach Bag for Picking Up Shells Sand Sifter Shovels Sand Scooper Beach Tools for Kids Beach Toys","£6.41£6.41","4.3 out of 5 stars","453"
"56","GOOHOCHY 6pcs Zen Sand Table Rake Zen Garden Supplies Rock Zen Garden Kit Sand Tray Miniatures Rake Kids Garden Zen Sand Tray Tools Sandbox Zen Garden Rake Coffin Beach Office Plastic","£9.16£9.16","4.6 out of 5 stars","13"
"57","Intex – inflatable Swan 194 x 152 x 147","£7.59£7.59","4.3 out of 5 stars","1,521"
"58","TOYANDONA 6pcs Garden Tool Set Toddler Girl Toys Plastic Gardening Tools Plastic Gardening Toy Kids Gardening Toy Kids Gardening Tools Plastic Wheelbarrow Garden Tools for Kids Child Outdoor","£39.19£39.19","4.3 out of 5 stars","1,651"
"59","Nano Tape Bubbles Kit, Double Sided Tape Plastic Bubble Balloons Nano Tape Bubbles Toy Including 2 Rolls Nano Tapes, 10 Straws, 1 Tire Pump, 10 Stickers, DIY Craft Kit for Girls, Boys, Adults","£9.16£9.16","4.3 out of 5 stars","18"
"60","Intex French Fries Giant Inflatable Mattress Lilo 175cm x 132cm. Great for The Pool","£0.33£0.33","4.4 out of 5 stars","2"
"61","Intex 58777 77151 Berry Milkshake Giant Inflatable Mattress Lilo 198cm x 107cm. for the pool, Pink","£16.38£16.38",NA,"1"
"62","BigMouth Inc. Inflatable Strawberry Frosted Donut 4 ft Wide Pool Float Rubber Ring Made from Durable Vinyl | 150 cm Diameter","£14.06£14.06",NA,"7"
"63","TOYANDONA 6pcs Diving Fish Toy Beach Toys for Kids Fish Pool Diving Toys Kids Diving Pool Toys Kids Bathroom Toys Pools for Kids Swimming Pool Fish Diving Toy Child Fish Pond Plastic Summer","£22.03£22.03",NA,"4"
"64","HENBRANDT Neon Bubble Wands with Star Topper, Pack of 12 - [Toy] Kids Party Bag Fillers, Toy Neon Bubble Tube, Kids Prizes for Party Bags & Party and Wedding Favours","£0.21£0.21","4.6 out of 5 stars","404"
"65","Kinetic Sand, Deluxe Beach Castle Playset with 1.13kg of Beach Sand, Includes Moulds and Tools, Sensory Toys for Kids Aged 5+","£10.79£10.79","4.4 out of 5 stars","54,542"
"66","Nerf Elite 2.0 Commander RD-6 Blaster, 12 Official Nerf Darts, 6-Dart Rotating Drum, Tactical Rails, Barrel and Stock Attachment Points, Multicolor, 6.7 x 36.2 x 24.1 cm","£22.49£22.49","4.5 out of 5 stars","739"
"67","HENBRANDT 24 x Dinosaur Gliders","£6.29£6.29","4.4 out of 5 stars","207"
"68","36-Pack Bubble Tubes Party Bag Fillers - Fun and Colorful Toy Bubble Tubes for Kids - Ideal Wedding Favors, Party Favors, Loot Bag and Stocking Fillers","£8.99£8.99","4.4 out of 5 stars","13,697"
"69","Gazillion Premium Quality 2 Litre Bubble Mixture/Solution for Bubble Machines, Bubble Wands, OUtdoors and Parties. Safe and non toxic. | Toys & Gifts For ages 3+","£6.29£6.29","4.3 out of 5 stars","5,784"
"70","Intex Glossy Panel Ball - Inflatable Water Ball / Beach Ball - Diameter 51 cm","£0.17£0.17","4.5 out of 5 stars","Another way to buy"
"71","Ram© Giant 1 Litre of Bubble Mixture with Wand for Bubble Machines - Giant Garden Games Essential for Kids - Outdoor Games Bubbles for Kids (1)","£6.30£6.30","4.5 out of 5 stars","115"
"72","Zoggs Swimming Aid Children's Float Arm Bands","£1.58£1.58","4.4 out of 5 stars","8,942"
"73","RAM ONLINE Bubbles For Kids, Pack of 40 Bubble Wands With 5ml of Bubble Mixture, Fun Garden Toys For Kids, Party Bag Fillers For Birthday Parties, Gifts For Girls Boys 3+, Multicolor","£2.49£2.49","4.5 out of 5 stars","1,310"
"74","Grafix Bubble Solution Bottle 1.8 litres - Large Bubble Mixture for Bubble Machines with a Funnel Assorted Colors","£3.32£3.32","4.3 out of 5 stars","3,038"
"75","Henbrandt Water Guns Pack Of 2","£2.49£2.49","4.4 out of 5 stars","4,528"
"76","Ram© 2 In 1 Kids Bubble Gun Childrens Automatic Bubble Machine Bubble Maker Blower Toy","£3.32£3.32","4.4 out of 5 stars","480"
"77","Hot Bee Unicorn Gifts for 2 3 4 5 6 Year Old Girls, Air Rocket Launcher for Kids, Unicorn Stomp Rocket for Kids, Flying Unicorn Toys for 2-6 Year Old Girls, Garden Outdoor Toys","£3.59£3.59","4.6 out of 5 stars","81"
"78","Anginne Boy Toys for 3-12 Years Old Boys, Kids Toys Garden Toys Boys Girls Gifts Age 3-9 Year Old Boys Toys Age 3-9 Outdoor Birthday Gifts for Kids Stomp Toy Rockets Garden Games Gifts for Kids","£6.29£6.29","4.5 out of 5 stars","3,168"
"79","Qukir Bowling Set Kids, Toys for 2 3 4 Year Old Boy Girl Gift for 1-6 Year Olds Boys Toys Age 3-5 Toddler Toys Kids Toys Age 2-6 Outdoor Toy for 1-3 Year Old Learning Toy for 2 Year Old Kid Garden Toy","£8.59£8.59","4.3 out of 5 stars","180"
"80","Ram® 6 x Giant Bubble Wand Sword Kids Childrens Bubble Maker Sticks Garden Party Toy 700ML","£8.09£8.09","4.5 out of 5 stars","308"
"81","Grafix Premium Bubble Solution - 1 Litre of Bubble Mixture with Wand for Bubble Machines - Giant Garden Games Essential for Kids - Outdoor Games Bubbles for Kids","£8,090.00£8,090.00","4.5 out of 5 stars","4,406"
"82","TOPWAYS Pool Diving Toy Set 4 Diving Mermaids Diving Torpedoes Swimming Underwater Pool Training Toys Diving Games Training Children's Gifts(Diving Mermaid)","£12.49£12.49","4.3 out of 5 stars","8"
"83","SKILL BLOX Football Keepy Up Training Dice (2 pcs) - Football Gifts - Soccer Football Skills. Football Gifts for Boys and Football Gifts for Girls. Stocking Filler Teenage Boys or Girls. Birthday Gift","£11.66£11.66","4.6 out of 5 stars","3,122"
"84","UWANTME Kids Tactical Vest Kit for Nerf Guns N-Strike Elite Series for Boys Girls","£11.66£11.66","4.3 out of 5 stars","685"
"85","30"" Large kids Dart Board Set, Toys for 2 3 4 5 6 7 8 Year Old Boys Dinosaur Toys for Boys with 12 Sticky Balls Garden Game Boys Toys for 4-9 Year Old Boys Toys Age 3-9 Birthday Gifts Easter Deco","£13.32£13.32","4.3 out of 5 stars","6,397"
"86","Fun Sport 20cm Football | Indoor/Outdoor Soft Sponge Foam Soccer Ball | Play Many Games For Hours Of Fun | Suitable For Adults, Boys And Girls Of All Ages","£9.57£9.57","4.3 out of 5 stars","2,716"
"87","DejaNard Toys for 3-10 Year Old Boys, Rocket Toy Launcher for Kids Gifts for 3-12 Year Old Boys Girls Outdoor Toys Boy Toys Age 3 4 5 6 Garden Toys Stomp Toy Rockets Kids Toys Boy Gifts Age 3-12","£9.99£9.99","4.4 out of 5 stars","354"
"88","Baby Swimming Float, Inflatable Baby Float Baby Swimming Ring, Baby Pool Float with Baby Safety Seat and Handle for Babies 3-36 Months Toddlers Infant Training Summer Baby Bath Float","£13.99£13.99",NA,"5,979"
"89","Bestway Swimming Float Inflatable for Infants | Round 3-Ring Inflatable Baby Boat Float for Toddlers Boys and Girls, Ages 0-12 Months","£18.99£18.99",NA,"763"
"90","Diving Pool Toys, Underwater Diving Toys Set Includes 5 Pcs Dive Sticks for Kids, 4 Pcs Torpedo Bandits, 4 Pcs Diving Rings, Fun Swimming Toys for Pool","£8.99£8.99",NA,"4,905"
"91","25.5in Large kids Dart Board with 12 Sticky Balls, Kids Ball Games, Indoor Game/Outdoor Game/Garden Game/Board Game/Fun PartyGame Toys, for 3+ Year Old Boys Girls(65cm)","£10.82£10.82",NA,"3,393"
"92","Henbrandt 24x Children’s Bubble Tubs with Wands 50ml Bubble Magic Party Bubbles Kids Toys Summer Fun Outdoor Game Party Favour Loot Bag Fillers Summer Games for Girls and Boys","£0.42£0.42","4.7 out of 5 stars","3,314"
"93","Mitre Scriball Ooodles, Customizable Mini Football, Ideal Gift For All Occasions One Size","£9.59£9.59","4.3 out of 5 stars","228"
"94","Baby Swimming Float, Inflatable Baby Swimming Ring with Safety Seat, Baby Bath Toddler Swim Pool Bathing Accessories for Toddlers 6-36 Months and Swim Trainging","£11.00£11.00","4.5 out of 5 stars","859"
"95","Zoggs Children's Zoggy Mini Easy Learn to Swim Float Kickboard - Yellow, 3-12 Years, 27.5 x 22 x 2.8 cm","£12.00£12.00","4.6 out of 5 stars","1,715"
"96","Betheaces NO.321 Bubble Machine with 2 Bottles of Liquid, Automatic Bubble Maker Toys for Kids Boys Girls Baby Toddlers, Bubble Blower 500 Bubbles per Minute Gifts for Indoor Outdoor Garden Game","£12.99£12.99","4.6 out of 5 stars","35"
"97","3 Pack PawPatrol Bubbles tubs & wand with Puzzle Maze Lid. 60ml in size.","£15.99£15.99","4.5 out of 5 stars","814"
"98","Tech Deck - BMX Finger Bike (Styles Vary)","£4.89£4.89","4.3 out of 5 stars","905"
"99","Inflatable Kangaroo 70cm","£1.63£1.63","4.4 out of 5 stars","32"
"100","Nano Tape Kit, Tape Bubbles Kit, Nano Tape Bubble Craft Kit 3m x 5cm x 1mm Nano Adhesive Tape Nano Tape Bubble with Sequins Sticker Straw, Bubble Balloons DIY Craft Kit for Girls, Boys","£6.00£6.00","4.3 out of 5 stars","146"
